<?xml version="1.0" encoding="UTF-8"?>
<project-private xmlns="http://www.netbeans.org/ns/project-private/1">
    <editor-bookmarks xmlns="http://www.netbeans.org/ns/editor-bookmarks/2" lastBookmarkId="0"/>
    <open-files xmlns="http://www.netbeans.org/ns/projectui-open-files/2">
        <group>
            <file>file:/C:/Users/Gowtham/Documents/NetBeansProjects/Project/src/UserInterface/DoctorRole/WorkAreaJPanel.java</file>
            <file>file:/C:/Users/Gowtham/Documents/NetBeansProjects/Project/src/UserInterface/DoctorRole/GetPatientHistoryJPanel.java</file>
            <file>file:/C:/Users/Gowtham/Documents/NetBeansProjects/Project/src/UserInterface/DoctorRole/SearchPatientJPanel.java</file>
            <file>file:/C:/Users/Gowtham/Documents/NetBeansProjects/Project/src/UserInterface/DoctorRole/PatientAppointmentJPanel.java</file>
            <file>file:/C:/Users/Gowtham/Documents/NetBeansProjects/Project/src/UserInterface/DoctorRole/AssignToDoctorJPanel.java</file>
        </group>
    </open-files>
</project-private>
