<?xml version="1.0" encoding="UTF-8"?>
<project-private xmlns="http://www.netbeans.org/ns/project-private/1">
    <editor-bookmarks xmlns="http://www.netbeans.org/ns/editor-bookmarks/2" lastBookmarkId="0"/>
    <open-files xmlns="http://www.netbeans.org/ns/projectui-open-files/2">
        <group>
            <file>file:/C:/Users/Gowtham/Documents/NetBeansProjects/Assignment3/src/UserInterface/AddUpdateVitalSignJPanel.java</file>
            <file>file:/C:/Users/Gowtham/Documents/NetBeansProjects/Assignment3/src/BusinessLogic/PatientVitalSign.java</file>
            <file>file:/C:/Users/Gowtham/Documents/NetBeansProjects/Assignment3/src/BusinessLogic/VitalSignHistory.java</file>
            <file>file:/C:/Users/Gowtham/Documents/NetBeansProjects/Assignment3/src/UserInterface/AddVitalSignJPanel.java</file>
            <file>file:/C:/Users/Gowtham/Documents/NetBeansProjects/Assignment3/src/UserInterface/CreatePatientJPanel.java</file>
            <file>file:/C:/Users/Gowtham/Documents/NetBeansProjects/Assignment3/src/UserInterface/ViewPatientJPanel.java</file>
            <file>file:/C:/Users/Gowtham/Documents/NetBeansProjects/Assignment3/src/BusinessLogic/PatientHistory.java</file>
            <file>file:/C:/Users/Gowtham/Documents/NetBeansProjects/Assignment3/src/UserInterface/MainJFrame.java</file>
            <file>file:/C:/Users/Gowtham/Documents/NetBeansProjects/Assignment3/src/UserInterface/UpdateVitalSignJPanel.java</file>
            <file>file:/C:/Users/Gowtham/Documents/NetBeansProjects/Assignment3/src/UserInterface/ManagePatientJPanel.java</file>
            <file>file:/C:/Users/Gowtham/Documents/NetBeansProjects/Assignment3/src/UserInterface/SearchPatientJPanel.java</file>
            <file>file:/C:/Users/Gowtham/Documents/NetBeansProjects/Assignment3/src/BusinessLogic/Patient.java</file>
            <file>file:/C:/Users/Gowtham/Documents/NetBeansProjects/Assignment3/src/UserInterface/PatientJPanel.java</file>
            <file>file:/C:/Users/Gowtham/Documents/NetBeansProjects/Assignment3/src/UserInterface/ViewVitalJPanel.java</file>
        </group>
    </open-files>
</project-private>
