<?xml version="1.0" encoding="UTF-8"?>
<project-private xmlns="http://www.netbeans.org/ns/project-private/1">
    <editor-bookmarks xmlns="http://www.netbeans.org/ns/editor-bookmarks/2" lastBookmarkId="0"/>
    <open-files xmlns="http://www.netbeans.org/ns/projectui-open-files/2">
        <group>
            <file>file:/C:/Users/Gowtham/Documents/NetBeansProjects/Assignment1/src/UserInterface/ViewJPanel.java</file>
            <file>file:/C:/Users/Gowtham/Documents/NetBeansProjects/Assignment1/src/BusinessLogic/Person.java</file>
            <file>file:/C:/Users/Gowtham/Documents/NetBeansProjects/Assignment1/src/BusinessLogic/Address.java</file>
            <file>file:/C:/Users/Gowtham/Documents/NetBeansProjects/Assignment1/src/UserInterface/MainJFrame.java</file>
            <file>file:/C:/Users/Gowtham/Documents/NetBeansProjects/Assignment1/src/UserInterface/AddressJPanel.java</file>
            <file>file:/C:/Users/Gowtham/Documents/NetBeansProjects/Assignment1/src/UserInterface/PersonJPanel.java</file>
        </group>
    </open-files>
</project-private>
