<?xml version="1.0" encoding="UTF-8"?>
<project-private xmlns="http://www.netbeans.org/ns/project-private/1">
    <editor-bookmarks xmlns="http://www.netbeans.org/ns/editor-bookmarks/2" lastBookmarkId="0"/>
    <open-files xmlns="http://www.netbeans.org/ns/projectui-open-files/2">
        <group>
            <file>file:/C:/Users/Gowtham/Desktop/Assignment5/Assignment5/Assignment5/src/UserInterface/SupplierRole/CreateNewProductJPanel.java</file>
            <file>file:/C:/Users/Gowtham/Desktop/Assignment5/Assignment5/Assignment5/src/UserInterface/AdminstrativeRole/AddSupplier.java</file>
            <file>file:/C:/Users/Gowtham/Desktop/Assignment5/Assignment5/Assignment5/src/UserInterface/AdminstrativeRole/ManageCustomers.java</file>
            <file>file:/C:/Users/Gowtham/Desktop/Assignment5/Assignment5/Assignment5/src/UserInterface/AdminstrativeRole/ManageSuppliers.java</file>
        </group>
    </open-files>
</project-private>
