<?xml version="1.0" encoding="UTF-8"?>
<project-private xmlns="http://www.netbeans.org/ns/project-private/1">
    <editor-bookmarks xmlns="http://www.netbeans.org/ns/editor-bookmarks/2" lastBookmarkId="0"/>
    <open-files xmlns="http://www.netbeans.org/ns/projectui-open-files/2">
        <group>
            <file>file:/C:/Users/Gowtham/Desktop/Assignment6/src/UserInterface/SupplierRole/ManageProductCatalogJPanel.java</file>
            <file>file:/C:/Users/Gowtham/Desktop/Assignment6/src/UserInterface/SupplierRole/LoginSupplier.java</file>
            <file>file:/C:/Users/Gowtham/Desktop/Assignment6/src/UserInterface/SupplierRole/SupplierWorkAreaJPanel.java</file>
            <file>file:/C:/Users/Gowtham/Desktop/Assignment6/src/UserInterface/MainJFrame.java</file>
            <file>file:/C:/Users/Gowtham/Desktop/Assignment6/src/Business/Supplier.java</file>
            <file>file:/C:/Users/Gowtham/Desktop/Assignment6/src/UserInterface/CustomerRole/OrderHistory.java</file>
            <file>file:/C:/Users/Gowtham/Desktop/Assignment6/src/UserInterface/CustomerRole/OrderItemsView.java</file>
            <file>file:/C:/Users/Gowtham/Desktop/Assignment6/src/UserInterface/SupplierRole/CreateNewProductJPanel.java</file>
            <file>file:/C:/Users/Gowtham/Desktop/Assignment6/src/UserInterface/AdminstrativeRole/AddCustomer.java</file>
            <file>file:/C:/Users/Gowtham/Desktop/Assignment6/src/Business/Order.java</file>
            <file>file:/C:/Users/Gowtham/Desktop/Assignment6/src/UserInterface/CustomerRole/BrowseProductJPanel.java</file>
            <file>file:/C:/Users/Gowtham/Desktop/Assignment6/src/UserInterface/AdminstrativeRole/AddSupplier.java</file>
            <file>file:/C:/Users/Gowtham/Desktop/Assignment6/src/Business/Customer.java</file>
        </group>
    </open-files>
</project-private>
